id,_deleted,_history,bankId,name,color,type,number,visible,routing,key,iconId,sortOrder,currencyCode
ab23e137d3f304ff24be6582cf18e4eb8,0,,a74780f9d696f3646f3177b83093c0667,Kids (02),#fc4c3c,SAVINGS,50142802,FALSE,,,,-1,USD
a4daba22e9c4c37dc897cf400d70c7a5d,0,,a74780f9d696f3646f3177b83093c0667,Household Savings (03),#cc0e44,SAVINGS,50142803,FALSE,,,,-1,USD
a2224de2dbf67bc4fe02b973b14b92f6a,0,,a74780f9d696f3646f3177b83093c0667,Nest Egg,#e02f0f,SAVINGS,50142804,FALSE,,,,-1,USD
a2406c089edd5db08aef8c309b204e9ce,0,,a74780f9d696f3646f3177b83093c0667,EMERGENCY FUND,#8e0716,SAVINGS,354361901,FALSE,,,,-1,USD
a9bceab940e39a7fff0dc6a7a10e54519,0,,a74780f9d696f3646f3177b83093c0667,Taxes,#89093a,SAVINGS,354363001,FALSE,,,,-1,USD
a8c8f4f6a3242deb429d0e91dbd1b77cd,0,,a74780f9d696f3646f3177b83093c0667,Social Security Reserve,#ce2621,SAVINGS,354363002,FALSE,,,,-1,USD
a64a6b79a83bc24eac2c1c54b4b111211,0,,a74780f9d696f3646f3177b83093c0667,My Savings,#f46e94,SAVINGS,354363003,FALSE,,,,-1,USD
a94dfe162eb723ebeeb1bb2b804a0da34,0,,a74780f9d696f3646f3177b83093c0667,House Bills (04),#b53a2d,CHECKING,50142804,FALSE,,,,-1,USD
ae17c562364cf9c7827e5d8188dee616f,0,,a74780f9d696f3646f3177b83093c0667,Household Checking (05),#9b1a3f,CHECKING,50142805,FALSE,,,,-1,USD
a7060a6050f05719c94d1b99152e5321e,0,,a74780f9d696f3646f3177b83093c0667,PREMIUM CHECKING,#c14566,CHECKING,354361901,FALSE,,,,-1,USD
a13cb3bf09d932e0b00d4eedee1b22e85,0,,a74780f9d696f3646f3177b83093c0667,My Stipend,#a0131f,CHECKING,354363001,FALSE,,,,-1,USD
aa7c91bcd80aea71918d4aee6a826e595,0,,a74780f9d696f3646f3177b83093c0667,RESERVE LINE OF CREDIT,#c93f2a,CREDITLINE,354363001,FALSE,,,,-1,USD
a9dfff306bab289e4d7d6bfb9cf4be54a,0,,a74780f9d696f3646f3177b83093c0667,Home Equity Loan,#f2609d,CREDITLINE,354363004,FALSE,,,,-1,USD
a540b61c0b9a9cf193d16f057435b9906,0,,a74780f9d696f3646f3177b83093c0667,HOME EQUITY LINE OF CREDIT,#9e251c,CREDITLINE,354363005,FALSE,,,,-1,USD
a6815df9d9a365f72aed3f6f76079ccf4,0,,a74780f9d696f3646f3177b83093c0667,HOME EQUITY LINE OF CREDIT,#c12805,CREDITLINE,354363006,FALSE,,,,-1,USD
a8ea34a310ef7207e2ae9c91890d6a229,0,,a74780f9d696f3646f3177b83093c0667,VISA PLATINUM CASH REWARDS,#e2094e,CREDITCARD,4.68006E+15,FALSE,,,,-1,USD
