"id","_deleted","_history","name","web","address","notes","iconId","online","fid","org","ofx","username","password"
"a74780f9d696f3646f3177b83093c0667",0,"[
  {
    ""t"": 1563484897930,
    ""q"": {
      ""address"": {
        ""$set"": ""3500 University Avenue\nMadison, WI 53744\nUSA""
      },
      ""iconId"": {
        ""$set"": ""2057817c99ffa1d1ad75ef472ac46ecb96350b21""
      }
    }
  }
]","UW Credit Union","http://www.uwcu.org/","3500 University Avenue
Madison, WI 53744
USA","","2057817c99ffa1d1ad75ef472ac46ecb96350b21",false,"1001","UWCU","https://ofx.uwcu.org/serverext.dll","",""