"id","_deleted","_history","mime","width","height","buf"
"2057817c99ffa1d1ad75ef472ac46ecb96350b21",0,,"image/png",152,152,"images/2057817c99ffa1d1ad75ef472ac46ecb96350b21_buf.png"
"b9c5352f86deb6cc8f9d81f038cdc65e8c59bdc6",0,,"image/png",32,32,"images/b9c5352f86deb6cc8f9d81f038cdc65e8c59bdc6_buf.png"
"4dd6e0f0ed762099d719fd1104b7c8f95479e480",0,,"image/png",64,64,"images/4dd6e0f0ed762099d719fd1104b7c8f95479e480_buf.png"
"a0c14b512167016ffbaa3f45649b1d9e0ffd3c78",0,,"image/png",48,48,"images/a0c14b512167016ffbaa3f45649b1d9e0ffd3c78_buf.png"
"79e4c5e9d017b19d8d060e56a78489682ec2ae0e",0,,"image/png",57,57,"images/79e4c5e9d017b19d8d060e56a78489682ec2ae0e_buf.png"