"id","_deleted","_history","bankId","name","color","type","number","visible","routing","key","iconId","sortOrder","currencyCode"
"a625a7247b0fa36f856531307909a050c",0,,"a372cda0d53a2f9b0f4c46d0cd3136748","Citi Checking","#bf4313","CHECKING","",false,"","","",1,"USD"
"a21e12447f9ea729b04757b372d282afb",0,,"a372cda0d53a2f9b0f4c46d0cd3136748","Citi Savings","#cce24f","SAVINGS","2345",false,"","","",0,"USD"
"a30cdcfe7d083e8e4470e63f61c782928",0,,"a372cda0d53a2f9b0f4c46d0cd3136748","Citi Credit","#f7c327","CREDITCARD","654",false,"","","",2,"USD"
"ac847f98eacb81553facf199013ce4446",0,"[
  {
    ""t"": 1563485913059,
    ""q"": {
      ""iconId"": {
        ""$set"": ""7fdf7f514e72c616044a826efa9e7870a8376fd4""
      }
    }
  }
]","a66d5887b696ceeb594d493f509ef1e25","Chase Credit Card","#d80d54","CHECKING","",false,"","","7fdf7f514e72c616044a826efa9e7870a8376fd4",-1,"EUR"