"id","_deleted","_history","name","group","web","iconId","notes","amount","account","category","showAdvanced","sortOrder","rrule"
"a1a148af955485cddaed13ca799858cf0",0,,"Netflix","","netflix.com","93e82d924601eec2442817be49222de03c43d28b","",9.99,"","",false,-1,"DTSTART:20190711T120000Z
RRULE:FREQ=MONTHLY;INTERVAL=1"
"a6e4b341adb0571d7e69fa2138cfde60f",0,,"Amazon Prime","","amazon.com","a0c14b512167016ffbaa3f45649b1d9e0ffd3c78","",120,"","",false,-1,"DTSTART:20190601T120000Z
RRULE:FREQ=YEARLY;INTERVAL=1"
"a020dd8555b14acc1c1101b2f7d2b8c62",0,,"Paycheck","","google.com","b9c5352f86deb6cc8f9d81f038cdc65e8c59bdc6","",500,"","",false,-1,"DTSTART:20190701T120000Z
RRULE:FREQ=MONTHLY;INTERVAL=1"