"id","_deleted","_history","mime","width","height","buf"
"f2260b83dfe53b5b3f17ea3755c313237bf35702",0,,"image/svg+xml",16,16,"images/f2260b83dfe53b5b3f17ea3755c313237bf35702_buf.svg"
"5a5c252cc37fdcd1eaa70b2803399ab4a3a7f3f1",0,,"image/png",120,120,"images/5a5c252cc37fdcd1eaa70b2803399ab4a3a7f3f1_buf.png"
"539116ec2c0ed6928c6dfba53b4cb642f88c6cd2",0,,"image/png",16,16,"images/539116ec2c0ed6928c6dfba53b4cb642f88c6cd2_buf.png"
"7fdf7f514e72c616044a826efa9e7870a8376fd4",0,,"image/png",100,63,"images/7fdf7f514e72c616044a826efa9e7870a8376fd4_buf.png"
"b9c5352f86deb6cc8f9d81f038cdc65e8c59bdc6",0,,"image/png",32,32,"images/b9c5352f86deb6cc8f9d81f038cdc65e8c59bdc6_buf.png"
"93e82d924601eec2442817be49222de03c43d28b",0,,"image/png",64,64,"images/93e82d924601eec2442817be49222de03c43d28b_buf.png"
"a0c14b512167016ffbaa3f45649b1d9e0ffd3c78",0,,"image/png",48,48,"images/a0c14b512167016ffbaa3f45649b1d9e0ffd3c78_buf.png"